[{"pk": 5, "model": "contenttypes.contenttype", "fields": {"model": "contenttype", "name": "content type", "app_label": "contenttypes"}}, {"pk": 12, "model": "contenttypes.contenttype", "fields": {"model": "cuisinetype", "name": "cuisine type", "app_label": "restaurants"}}, {"pk": 2, "model": "contenttypes.contenttype", "fields": {"model": "group", "name": "group", "app_label": "auth"}}, {"pk": 9, "model": "contenttypes.contenttype", "fields": {"model": "location", "name": "location", "app_label": "restaurants"}}, {"pk": 8, "model": "contenttypes.contenttype", "fields": {"model": "logentry", "name": "log entry", "app_label": "admin"}}, {"pk": 4, "model": "contenttypes.contenttype", "fields": {"model": "message", "name": "message", "app_label": "auth"}}, {"pk": 1, "model": "contenttypes.contenttype", "fields": {"model": "permission", "name": "permission", "app_label": "auth"}}, {"pk": 10, "model": "contenttypes.contenttype", "fields": {"model": "rating", "name": "rating", "app_label": "restaurants"}}, {"pk": 11, "model": "contenttypes.contenttype", "fields": {"model": "restauranttype", "name": "restaurant type", "app_label": "restaurants"}}, {"pk": 13, "model": "contenttypes.contenttype", "fields": {"model": "restaurants", "name": "restaurants", "app_label": "restaurants"}}, {"pk": 6, "model": "contenttypes.contenttype", "fields": {"model": "session", "name": "session", "app_label": "sessions"}}, {"pk": 7, "model": "contenttypes.contenttype", "fields": {"model": "site", "name": "site", "app_label": "sites"}}, {"pk": 3, "model": "contenttypes.contenttype", "fields": {"model": "user", "name": "user", "app_label": "auth"}}, {"pk": "42866849f0f0c934361b7610f02503da", "model": "sessions.session", "fields": {"expire_date": "2011-11-08 20:49:49", "session_data": "MmIwNzk0ZTlkZDI2ZmYxOWY2N2I4YWUxNzg0NDZhOTZiMmMzZWNjYjqAAn1xAShVEl9hdXRoX3Vz\nZXJfYmFja2VuZHECVSlkamFuZ28uY29udHJpYi5hdXRoLmJhY2tlbmRzLk1vZGVsQmFja2VuZHED\nVQ1fYXV0aF91c2VyX2lkcQRLAXUu\n"}}, {"pk": "04b58d97ff76ccdfcab82e84ccd9d079", "model": "sessions.session", "fields": {"expire_date": "2011-12-06 13:17:51", "session_data": "MmIwNzk0ZTlkZDI2ZmYxOWY2N2I4YWUxNzg0NDZhOTZiMmMzZWNjYjqAAn1xAShVEl9hdXRoX3Vz\nZXJfYmFja2VuZHECVSlkamFuZ28uY29udHJpYi5hdXRoLmJhY2tlbmRzLk1vZGVsQmFja2VuZHED\nVQ1fYXV0aF91c2VyX2lkcQRLAXUu\n"}}, {"pk": 1, "model": "sites.site", "fields": {"domain": "example.com", "name": "example.com"}}, {"pk": 143, "model": "admin.logentry", "fields": {"action_flag": 1, "action_time": "2011-12-06 11:51:25", "object_repr": "Scooter's Coffeehouse", "object_id": "53", "change_message": "", "user": 1, "content_type": 13}}, {"pk": 142, "model": "admin.logentry", "fields": {"action_flag": 1, "action_time": "2011-12-06 11:51:15", "object_repr": "1033 O. St. #100", "object_id": "53", "change_message": "", "user": 1, "content_type": 9}}, {"pk": 141, "model": "admin.logentry", "fields": {"action_flag": 1, "action_time": "2011-12-06 11:50:30", "object_repr": "The Coffee House", "object_id": "52", "change_message": "", "user": 1, "content_type": 13}}, {"pk": 140, "model": "admin.logentry", "fields": {"action_flag": 1, "action_time": "2011-12-06 11:50:17", "object_repr": "1324 P St.", "object_id": "52", "change_message": "", "user": 1, "content_type": 9}}, {"pk": 139, "model": "admin.logentry", "fields": {"action_flag": 1, "action_time": "2011-12-06 11:49:37", "object_repr": "Starbucks", "object_id": "51", "change_message": "", "user": 1, "content_type": 13}}, {"pk": 138, "model": "admin.logentry", "fields": {"action_flag": 1, "action_time": "2011-12-06 11:49:19", "object_repr": "3302 O. St.", "object_id": "51", "change_message": "", "user": 1, "content_type": 9}}, {"pk": 137, "model": "admin.logentry", "fields": {"action_flag": 1, "action_time": "2011-12-06 11:47:29", "object_repr": "Auturo's", "object_id": "50", "change_message": "", "user": 1, "content_type": 13}}, {"pk": 136, "model": "admin.logentry", "fields": {"action_flag": 1, "action_time": "2011-12-06 11:47:07", "object_repr": "803 Q St.", "object_id": "50", "change_message": "", "user": 1, "content_type": 9}}, {"pk": 135, "model": "admin.logentry", "fields": {"action_flag": 1, "action_time": "2011-12-06 11:45:41", "object_repr": "Southwest pit BBQ", "object_id": "49", "change_message": "", "user": 1, "content_type": 13}}, {"pk": 134, "model": "admin.logentry", "fields": {"action_flag": 1, "action_time": "2011-12-06 11:45:28", "object_repr": "1601 P St", "object_id": "49", "change_message": "", "user": 1, "content_type": 9}}, {"pk": 133, "model": "admin.logentry", "fields": {"action_flag": 1, "action_time": "2011-12-06 11:44:57", "object_repr": "Smokehouse Deli", "object_id": "48", "change_message": "", "user": 1, "content_type": 13}}, {"pk": 132, "model": "admin.logentry", "fields": {"action_flag": 1, "action_time": "2011-12-06 11:44:38", "object_repr": "621 N. 48th St., Ste 5", "object_id": "48", "change_message": "", "user": 1, "content_type": 9}}, {"pk": 131, "model": "admin.logentry", "fields": {"action_flag": 1, "action_time": "2011-12-06 11:43:52", "object_repr": "Rib Ranch", "object_id": "47", "change_message": "", "user": 1, "content_type": 13}}, {"pk": 130, "model": "admin.logentry", "fields": {"action_flag": 1, "action_time": "2011-12-06 11:43:37", "object_repr": "6440 O St. ", "object_id": "47", "change_message": "", "user": 1, "content_type": 9}}, {"pk": 129, "model": "admin.logentry", "fields": {"action_flag": 1, "action_time": "2011-12-06 11:42:26", "object_repr": "Godfather's Pizza", "object_id": "46", "change_message": "", "user": 1, "content_type": 13}}, {"pk": 128, "model": "admin.logentry", "fields": {"action_flag": 1, "action_time": "2011-12-06 11:42:11", "object_repr": "27th & Superior", "object_id": "46", "change_message": "", "user": 1, "content_type": 9}}, {"pk": 127, "model": "admin.logentry", "fields": {"action_flag": 1, "action_time": "2011-12-06 11:41:21", "object_repr": "Papa John's ", "object_id": "45", "change_message": "", "user": 1, "content_type": 13}}, {"pk": 126, "model": "admin.logentry", "fields": {"action_flag": 1, "action_time": "2011-12-06 11:41:01", "object_repr": "114 South 14th St.", "object_id": "45", "change_message": "", "user": 1, "content_type": 9}}, {"pk": 125, "model": "admin.logentry", "fields": {"action_flag": 1, "action_time": "2011-12-06 11:39:10", "object_repr": "Metro Dining Delivery", "object_id": "44", "change_message": "", "user": 1, "content_type": 13}}, {"pk": 124, "model": "admin.logentry", "fields": {"action_flag": 1, "action_time": "2011-12-06 11:38:54", "object_repr": "5500 Old Cheney Rd. #4", "object_id": "44", "change_message": "", "user": 1, "content_type": 9}}, {"pk": 123, "model": "admin.logentry", "fields": {"action_flag": 1, "action_time": "2011-12-06 11:38:09", "object_repr": "Tandoor Indian Cuisine", "object_id": "43", "change_message": "", "user": 1, "content_type": 13}}, {"pk": 122, "model": "admin.logentry", "fields": {"action_flag": 1, "action_time": "2011-12-06 11:37:55", "object_repr": "3530 Village Dr. #100", "object_id": "43", "change_message": "", "user": 1, "content_type": 9}}, {"pk": 121, "model": "admin.logentry", "fields": {"action_flag": 1, "action_time": "2011-12-06 11:37:13", "object_repr": "Sher E Punjab", "object_id": "42", "change_message": "", "user": 1, "content_type": 13}}, {"pk": 120, "model": "admin.logentry", "fields": {"action_flag": 1, "action_time": "2011-12-06 11:37:01", "object_repr": "1601 Q St. #D", "object_id": "42", "change_message": "", "user": 1, "content_type": 9}}, {"pk": 119, "model": "admin.logentry", "fields": {"action_flag": 2, "action_time": "2011-12-06 11:35:40", "object_repr": "Green Gateau", "object_id": "21", "change_message": "Changed cuisine_type.", "user": 1, "content_type": 13}}, {"pk": 118, "model": "admin.logentry", "fields": {"action_flag": 3, "action_time": "2011-12-06 11:34:43", "object_repr": "Thai", "object_id": "7", "change_message": "", "user": 1, "content_type": 12}}, {"pk": 117, "model": "admin.logentry", "fields": {"action_flag": 1, "action_time": "2011-12-06 11:33:27", "object_repr": "HuHot Mongolian Grill", "object_id": "41", "change_message": "", "user": 1, "content_type": 13}}, {"pk": 116, "model": "admin.logentry", "fields": {"action_flag": 1, "action_time": "2011-12-06 11:33:07", "object_repr": "201 N. 66th St.", "object_id": "41", "change_message": "", "user": 1, "content_type": 9}}, {"pk": 115, "model": "admin.logentry", "fields": {"action_flag": 1, "action_time": "2011-12-06 11:32:21", "object_repr": "Samurai Sam's Teriyaki Grill", "object_id": "40", "change_message": "", "user": 1, "content_type": 13}}, {"pk": 114, "model": "admin.logentry", "fields": {"action_flag": 1, "action_time": "2011-12-06 11:32:02", "object_repr": "230 N. 17th St.", "object_id": "40", "change_message": "", "user": 1, "content_type": 9}}, {"pk": 113, "model": "admin.logentry", "fields": {"action_flag": 1, "action_time": "2011-12-06 11:31:09", "object_repr": "Shogun", "object_id": "39", "change_message": "", "user": 1, "content_type": 13}}, {"pk": 112, "model": "admin.logentry", "fields": {"action_flag": 1, "action_time": "2011-12-06 11:30:58", "object_repr": "3700 South 9th St.", "object_id": "39", "change_message": "", "user": 1, "content_type": 9}}, {"pk": 111, "model": "admin.logentry", "fields": {"action_flag": 1, "action_time": "2011-12-06 11:30:23", "object_repr": "Wasabi", "object_id": "38", "change_message": "", "user": 1, "content_type": 13}}, {"pk": 110, "model": "admin.logentry", "fields": {"action_flag": 1, "action_time": "2011-12-06 11:29:59", "object_repr": "114 South 14th St.", "object_id": "38", "change_message": "", "user": 1, "content_type": 9}}, {"pk": 109, "model": "admin.logentry", "fields": {"action_flag": 1, "action_time": "2011-12-06 11:28:49", "object_repr": "King Kong Restaurant", "object_id": "37", "change_message": "", "user": 1, "content_type": 13}}, {"pk": 108, "model": "admin.logentry", "fields": {"action_flag": 1, "action_time": "2011-12-06 11:28:37", "object_repr": "6800 Wildcat Dr.", "object_id": "37", "change_message": "", "user": 1, "content_type": 9}}, {"pk": 107, "model": "admin.logentry", "fields": {"action_flag": 1, "action_time": "2011-12-06 11:28:04", "object_repr": "Parthenon", "object_id": "36", "change_message": "", "user": 1, "content_type": 13}}, {"pk": 106, "model": "admin.logentry", "fields": {"action_flag": 1, "action_time": "2011-12-06 11:27:47", "object_repr": "5500 S. 56th St.", "object_id": "36", "change_message": "", "user": 1, "content_type": 9}}, {"pk": 105, "model": "admin.logentry", "fields": {"action_flag": 1, "action_time": "2011-12-06 11:27:22", "object_repr": "Ali baba Gyros", "object_id": "35", "change_message": "", "user": 1, "content_type": 13}}, {"pk": 104, "model": "admin.logentry", "fields": {"action_flag": 1, "action_time": "2011-12-06 11:27:01", "object_repr": "112 N. 14th St.", "object_id": "35", "change_message": "", "user": 1, "content_type": 9}}, {"pk": 103, "model": "admin.logentry", "fields": {"action_flag": 1, "action_time": "2011-12-06 11:26:40", "object_repr": "Papilon Grill", "object_id": "34", "change_message": "", "user": 1, "content_type": 13}}, {"pk": 102, "model": "admin.logentry", "fields": {"action_flag": 1, "action_time": "2011-12-06 11:26:25", "object_repr": "854 N. 70th", "object_id": "34", "change_message": "", "user": 1, "content_type": 9}}, {"pk": 101, "model": "admin.logentry", "fields": {"action_flag": 1, "action_time": "2011-12-06 11:23:59", "object_repr": "Pita Pit the", "object_id": "33", "change_message": "", "user": 1, "content_type": 13}}, {"pk": 100, "model": "admin.logentry", "fields": {"action_flag": 1, "action_time": "2011-12-06 11:23:50", "object_repr": "1311 O. St.", "object_id": "33", "change_message": "", "user": 1, "content_type": 9}}, {"pk": 99, "model": "admin.logentry", "fields": {"action_flag": 1, "action_time": "2011-12-06 11:23:20", "object_repr": "Sinbad's Restaurant", "object_id": "32", "change_message": "", "user": 1, "content_type": 13}}, {"pk": 98, "model": "admin.logentry", "fields": {"action_flag": 1, "action_time": "2011-12-06 11:22:58", "object_repr": "2630 Orchard St.", "object_id": "32", "change_message": "", "user": 1, "content_type": 9}}, {"pk": 97, "model": "admin.logentry", "fields": {"action_flag": 1, "action_time": "2011-12-06 11:22:29", "object_repr": "Holyland Cuisine", "object_id": "31", "change_message": "", "user": 1, "content_type": 13}}, {"pk": 96, "model": "admin.logentry", "fields": {"action_flag": 1, "action_time": "2011-12-06 11:22:12", "object_repr": "313 N. 27th St.", "object_id": "31", "change_message": "", "user": 1, "content_type": 9}}, {"pk": 95, "model": "admin.logentry", "fields": {"action_flag": 1, "action_time": "2011-12-06 11:21:40", "object_repr": "Aladdin's", "object_id": "30", "change_message": "", "user": 1, "content_type": 13}}, {"pk": 94, "model": "admin.logentry", "fields": {"action_flag": 1, "action_time": "2011-12-06 11:21:15", "object_repr": "3449 A 48th St. N", "object_id": "30", "change_message": "", "user": 1, "content_type": 9}}, {"pk": 93, "model": "admin.logentry", "fields": {"action_flag": 1, "action_time": "2011-12-06 11:19:42", "object_repr": "Eileen's Colossal Cookies", "object_id": "29", "change_message": "", "user": 1, "content_type": 13}}, {"pk": 92, "model": "admin.logentry", "fields": {"action_flag": 1, "action_time": "2011-12-06 11:19:31", "object_repr": "4640 Bair Ave, #104", "object_id": "29", "change_message": "", "user": 1, "content_type": 9}}, {"pk": 91, "model": "admin.logentry", "fields": {"action_flag": 1, "action_time": "2011-12-06 11:18:46", "object_repr": "Butterfly Bakery", "object_id": "28", "change_message": "", "user": 1, "content_type": 13}}, {"pk": 90, "model": "admin.logentry", "fields": {"action_flag": 1, "action_time": "2011-12-06 11:18:36", "object_repr": "100 N. 1st St. #3", "object_id": "28", "change_message": "", "user": 1, "content_type": 9}}, {"pk": 89, "model": "admin.logentry", "fields": {"action_flag": 1, "action_time": "2011-12-06 11:17:52", "object_repr": "Cookie Company", "object_id": "27", "change_message": "", "user": 1, "content_type": 13}}, {"pk": 88, "model": "admin.logentry", "fields": {"action_flag": 1, "action_time": "2011-12-06 11:17:35", "object_repr": "138 N. 12th St.", "object_id": "27", "change_message": "", "user": 1, "content_type": 9}}, {"pk": 87, "model": "admin.logentry", "fields": {"action_flag": 1, "action_time": "2011-12-06 11:16:45", "object_repr": "Pan Dulce Bakery", "object_id": "26", "change_message": "", "user": 1, "content_type": 13}}, {"pk": 86, "model": "admin.logentry", "fields": {"action_flag": 1, "action_time": "2011-12-06 11:16:23", "object_repr": "801 S. 11th St.", "object_id": "26", "change_message": "", "user": 1, "content_type": 9}}, {"pk": 85, "model": "admin.logentry", "fields": {"action_flag": 1, "action_time": "2011-12-06 11:14:34", "object_repr": "Ming's House", "object_id": "25", "change_message": "", "user": 1, "content_type": 13}}, {"pk": 84, "model": "admin.logentry", "fields": {"action_flag": 1, "action_time": "2011-12-06 11:14:04", "object_repr": "1409 N. Cotner Blvd.", "object_id": "25", "change_message": "", "user": 1, "content_type": 9}}, {"pk": 83, "model": "admin.logentry", "fields": {"action_flag": 3, "action_time": "2011-12-06 11:10:11", "object_repr": "4.2", "object_id": "1", "change_message": "", "user": 1, "content_type": 10}}, {"pk": 82, "model": "admin.logentry", "fields": {"action_flag": 1, "action_time": "2011-12-06 11:09:24", "object_repr": "Misty's Restaurant & Lounge", "object_id": "24", "change_message": "", "user": 1, "content_type": 13}}, {"pk": 81, "model": "admin.logentry", "fields": {"action_flag": 1, "action_time": "2011-12-06 11:09:06", "object_repr": "6235 Havelock Ave", "object_id": "24", "change_message": "", "user": 1, "content_type": 9}}, {"pk": 80, "model": "admin.logentry", "fields": {"action_flag": 1, "action_time": "2011-12-06 11:08:19", "object_repr": "Raising Cane's Chicken Fingers", "object_id": "23", "change_message": "", "user": 1, "content_type": 13}}, {"pk": 79, "model": "admin.logentry", "fields": {"action_flag": 1, "action_time": "2011-12-06 11:07:50", "object_repr": "403 N 48th St", "object_id": "23", "change_message": "", "user": 1, "content_type": 9}}, {"pk": 78, "model": "admin.logentry", "fields": {"action_flag": 1, "action_time": "2011-12-06 11:05:32", "object_repr": "Ouback Steakhouse", "object_id": "22", "change_message": "", "user": 1, "content_type": 13}}, {"pk": 77, "model": "admin.logentry", "fields": {"action_flag": 1, "action_time": "2011-12-06 11:05:20", "object_repr": "633 N 48th St", "object_id": "22", "change_message": "", "user": 1, "content_type": 9}}, {"pk": 76, "model": "admin.logentry", "fields": {"action_flag": 1, "action_time": "2011-12-06 11:04:37", "object_repr": "Green Gateau", "object_id": "21", "change_message": "", "user": 1, "content_type": 13}}, {"pk": 75, "model": "admin.logentry", "fields": {"action_flag": 1, "action_time": "2011-12-06 11:04:01", "object_repr": "330 S 10th St", "object_id": "21", "change_message": "", "user": 1, "content_type": 9}}, {"pk": 74, "model": "admin.logentry", "fields": {"action_flag": 1, "action_time": "2011-12-03 19:20:03", "object_repr": "Applebee's Neighborhood Grill & Bar", "object_id": "20", "change_message": "", "user": 1, "content_type": 13}}, {"pk": 73, "model": "admin.logentry", "fields": {"action_flag": 1, "action_time": "2011-12-03 19:19:59", "object_repr": "Gateway Shopping Ctr", "object_id": "20", "change_message": "", "user": 1, "content_type": 9}}, {"pk": 72, "model": "admin.logentry", "fields": {"action_flag": 1, "action_time": "2011-12-03 19:17:48", "object_repr": "Oso Burritto", "object_id": "19", "change_message": "", "user": 1, "content_type": 13}}, {"pk": 71, "model": "admin.logentry", "fields": {"action_flag": 1, "action_time": "2011-12-03 19:17:43", "object_repr": "1451 O St", "object_id": "19", "change_message": "", "user": 1, "content_type": 9}}, {"pk": 70, "model": "admin.logentry", "fields": {"action_flag": 1, "action_time": "2011-11-30 08:47:48", "object_repr": "\t Wilderness Ridge-Lodge Restaurant", "object_id": "18", "change_message": "", "user": 1, "content_type": 13}}, {"pk": 69, "model": "admin.logentry", "fields": {"action_flag": 1, "action_time": "2011-11-30 08:47:43", "object_repr": "1800 Wilderness Woods Pl", "object_id": "18", "change_message": "", "user": 1, "content_type": 9}}, {"pk": 68, "model": "admin.logentry", "fields": {"action_flag": 1, "action_time": "2011-11-30 08:46:25", "object_repr": "Old Chicago", "object_id": "17", "change_message": "", "user": 1, "content_type": 13}}, {"pk": 67, "model": "admin.logentry", "fields": {"action_flag": 1, "action_time": "2011-11-30 08:46:22", "object_repr": "2918 Pine Lake Rd", "object_id": "17", "change_message": "", "user": 1, "content_type": 9}}, {"pk": 66, "model": "admin.logentry", "fields": {"action_flag": 1, "action_time": "2011-11-30 08:45:16", "object_repr": "The Peacock Indian Cuisine", "object_id": "16", "change_message": "", "user": 1, "content_type": 13}}, {"pk": 65, "model": "admin.logentry", "fields": {"action_flag": 1, "action_time": "2011-11-30 08:45:12", "object_repr": "2801 Pine Lake Rd", "object_id": "16", "change_message": "", "user": 1, "content_type": 9}}, {"pk": 64, "model": "admin.logentry", "fields": {"action_flag": 1, "action_time": "2011-11-30 08:44:01", "object_repr": "China Inn", "object_id": "15", "change_message": "", "user": 1, "content_type": 13}}, {"pk": 63, "model": "admin.logentry", "fields": {"action_flag": 1, "action_time": "2011-11-30 08:43:48", "object_repr": "2662 Cornhusker Hwy", "object_id": "15", "change_message": "", "user": 1, "content_type": 9}}, {"pk": 62, "model": "admin.logentry", "fields": {"action_flag": 1, "action_time": "2011-11-30 08:42:43", "object_repr": "\t El Rancho Authentic Mexican Restaurant", "object_id": "14", "change_message": "", "user": 1, "content_type": 13}}, {"pk": 61, "model": "admin.logentry", "fields": {"action_flag": 1, "action_time": "2011-11-30 08:42:37", "object_repr": "2700 O St", "object_id": "14", "change_message": "", "user": 1, "content_type": 9}}, {"pk": 60, "model": "admin.logentry", "fields": {"action_flag": 1, "action_time": "2011-11-30 08:36:59", "object_repr": "Chili's Grill & Bar", "object_id": "13", "change_message": "", "user": 1, "content_type": 13}}, {"pk": 59, "model": "admin.logentry", "fields": {"action_flag": 1, "action_time": "2011-11-30 08:36:53", "object_repr": "6730 S 27th St", "object_id": "13", "change_message": "", "user": 1, "content_type": 9}}, {"pk": 58, "model": "admin.logentry", "fields": {"action_flag": 1, "action_time": "2011-11-30 08:35:31", "object_repr": "Dish", "object_id": "12", "change_message": "", "user": 1, "content_type": 13}}, {"pk": 57, "model": "admin.logentry", "fields": {"action_flag": 1, "action_time": "2011-11-30 08:35:25", "object_repr": "1100 O St", "object_id": "12", "change_message": "", "user": 1, "content_type": 9}}, {"pk": 56, "model": "admin.logentry", "fields": {"action_flag": 1, "action_time": "2011-11-29 20:26:30", "object_repr": "Granite City Food & Brewery", "object_id": "11", "change_message": "", "user": 1, "content_type": 13}}, {"pk": 55, "model": "admin.logentry", "fields": {"action_flag": 1, "action_time": "2011-11-29 20:26:27", "object_repr": "6150 O St", "object_id": "11", "change_message": "", "user": 1, "content_type": 9}}, {"pk": 54, "model": "admin.logentry", "fields": {"action_flag": 1, "action_time": "2011-11-29 20:24:46", "object_repr": "Brewsky's Food & Spirits", "object_id": "10", "change_message": "", "user": 1, "content_type": 13}}, {"pk": 53, "model": "admin.logentry", "fields": {"action_flag": 1, "action_time": "2011-11-29 20:24:41", "object_repr": "3030 N 40th St", "object_id": "10", "change_message": "", "user": 1, "content_type": 9}}, {"pk": 52, "model": "admin.logentry", "fields": {"action_flag": 1, "action_time": "2011-11-29 20:21:26", "object_repr": "Valentino's Pizza", "object_id": "9", "change_message": "", "user": 1, "content_type": 13}}, {"pk": 51, "model": "admin.logentry", "fields": {"action_flag": 1, "action_time": "2011-11-29 20:21:16", "object_repr": "Pizza ", "object_id": "11", "change_message": "", "user": 1, "content_type": 11}}, {"pk": 50, "model": "admin.logentry", "fields": {"action_flag": 1, "action_time": "2011-11-29 20:20:54", "object_repr": "48th & Van Dorn", "object_id": "9", "change_message": "", "user": 1, "content_type": 9}}, {"pk": 49, "model": "admin.logentry", "fields": {"action_flag": 1, "action_time": "2011-11-29 20:20:06", "object_repr": "Blue Orchid Thai Restaurant", "object_id": "8", "change_message": "", "user": 1, "content_type": 13}}, {"pk": 48, "model": "admin.logentry", "fields": {"action_flag": 1, "action_time": "2011-11-29 20:19:27", "object_repr": "129 N 10th St", "object_id": "8", "change_message": "", "user": 1, "content_type": 9}}, {"pk": 47, "model": "admin.logentry", "fields": {"action_flag": 1, "action_time": "2011-11-29 20:18:38", "object_repr": "Doozy's", "object_id": "7", "change_message": "", "user": 1, "content_type": 13}}, {"pk": 46, "model": "admin.logentry", "fields": {"action_flag": 1, "action_time": "2011-11-29 20:18:21", "object_repr": "Fast Food", "object_id": "10", "change_message": "", "user": 1, "content_type": 11}}, {"pk": 45, "model": "admin.logentry", "fields": {"action_flag": 1, "action_time": "2011-11-29 20:18:05", "object_repr": "101 N 14th St", "object_id": "7", "change_message": "", "user": 1, "content_type": 9}}, {"pk": 44, "model": "admin.logentry", "fields": {"action_flag": 1, "action_time": "2011-11-29 20:16:11", "object_repr": "JTK", "object_id": "6", "change_message": "", "user": 1, "content_type": 13}}, {"pk": 43, "model": "admin.logentry", "fields": {"action_flag": 1, "action_time": "2011-11-29 20:15:44", "object_repr": "201 N 7th St", "object_id": "6", "change_message": "", "user": 1, "content_type": 9}}, {"pk": 42, "model": "admin.logentry", "fields": {"action_flag": 1, "action_time": "2011-11-29 20:15:02", "object_repr": "La Paz", "object_id": "5", "change_message": "", "user": 1, "content_type": 13}}, {"pk": 41, "model": "admin.logentry", "fields": {"action_flag": 1, "action_time": "2011-11-29 20:14:01", "object_repr": "321 N Cotner Blvd", "object_id": "5", "change_message": "", "user": 1, "content_type": 9}}, {"pk": 40, "model": "admin.logentry", "fields": {"action_flag": 1, "action_time": "2011-11-29 20:12:59", "object_repr": "for you to decide", "object_id": "10", "change_message": "", "user": 1, "content_type": 10}}, {"pk": 39, "model": "admin.logentry", "fields": {"action_flag": 1, "action_time": "2011-11-29 20:12:49", "object_repr": "no comment", "object_id": "9", "change_message": "", "user": 1, "content_type": 10}}, {"pk": 38, "model": "admin.logentry", "fields": {"action_flag": 1, "action_time": "2011-11-29 20:12:40", "object_repr": "not crazy about", "object_id": "8", "change_message": "", "user": 1, "content_type": 10}}, {"pk": 37, "model": "admin.logentry", "fields": {"action_flag": 1, "action_time": "2011-11-29 20:12:31", "object_repr": "its aight", "object_id": "7", "change_message": "", "user": 1, "content_type": 10}}, {"pk": 36, "model": "admin.logentry", "fields": {"action_flag": 1, "action_time": "2011-11-29 20:12:23", "object_repr": "eh", "object_id": "6", "change_message": "", "user": 1, "content_type": 10}}, {"pk": 35, "model": "admin.logentry", "fields": {"action_flag": 1, "action_time": "2011-11-29 20:12:16", "object_repr": "off tha chain", "object_id": "5", "change_message": "", "user": 1, "content_type": 10}}, {"pk": 34, "model": "admin.logentry", "fields": {"action_flag": 1, "action_time": "2011-11-29 20:02:14", "object_repr": "Lebanese", "object_id": "10", "change_message": "", "user": 1, "content_type": 12}}, {"pk": 33, "model": "admin.logentry", "fields": {"action_flag": 1, "action_time": "2011-11-29 20:01:57", "object_repr": "Greek", "object_id": "9", "change_message": "", "user": 1, "content_type": 12}}, {"pk": 32, "model": "admin.logentry", "fields": {"action_flag": 1, "action_time": "2011-11-29 20:01:46", "object_repr": "Japanese", "object_id": "8", "change_message": "", "user": 1, "content_type": 12}}, {"pk": 31, "model": "admin.logentry", "fields": {"action_flag": 1, "action_time": "2011-11-29 20:01:36", "object_repr": "Thai", "object_id": "7", "change_message": "", "user": 1, "content_type": 12}}, {"pk": 30, "model": "admin.logentry", "fields": {"action_flag": 1, "action_time": "2011-11-29 20:01:30", "object_repr": "Indian", "object_id": "6", "change_message": "", "user": 1, "content_type": 12}}, {"pk": 29, "model": "admin.logentry", "fields": {"action_flag": 1, "action_time": "2011-11-29 20:01:21", "object_repr": "Chinese", "object_id": "5", "change_message": "", "user": 1, "content_type": 12}}, {"pk": 28, "model": "admin.logentry", "fields": {"action_flag": 1, "action_time": "2011-11-29 20:01:14", "object_repr": "French", "object_id": "4", "change_message": "", "user": 1, "content_type": 12}}, {"pk": 27, "model": "admin.logentry", "fields": {"action_flag": 1, "action_time": "2011-11-29 19:56:51", "object_repr": "Skeeter Barnes", "object_id": "4", "change_message": "", "user": 1, "content_type": 13}}, {"pk": 26, "model": "admin.logentry", "fields": {"action_flag": 1, "action_time": "2011-11-29 19:56:48", "object_repr": "Can get MESSY", "object_id": "4", "change_message": "", "user": 1, "content_type": 10}}, {"pk": 25, "model": "admin.logentry", "fields": {"action_flag": 1, "action_time": "2011-11-29 19:53:46", "object_repr": "BBQ", "object_id": "9", "change_message": "", "user": 1, "content_type": 11}}, {"pk": 24, "model": "admin.logentry", "fields": {"action_flag": 1, "action_time": "2011-11-29 19:53:33", "object_repr": "5800 S 58th S", "object_id": "4", "change_message": "", "user": 1, "content_type": 9}}, {"pk": 23, "model": "admin.logentry", "fields": {"action_flag": 1, "action_time": "2011-11-29 19:51:18", "object_repr": "Steakhouse", "object_id": "8", "change_message": "", "user": 1, "content_type": 11}}, {"pk": 22, "model": "admin.logentry", "fields": {"action_flag": 1, "action_time": "2011-11-29 19:51:08", "object_repr": "Catina", "object_id": "7", "change_message": "", "user": 1, "content_type": 11}}, {"pk": 21, "model": "admin.logentry", "fields": {"action_flag": 1, "action_time": "2011-11-29 19:50:57", "object_repr": "Cafe", "object_id": "6", "change_message": "", "user": 1, "content_type": 11}}, {"pk": 20, "model": "admin.logentry", "fields": {"action_flag": 1, "action_time": "2011-11-29 19:50:37", "object_repr": "Bistro", "object_id": "5", "change_message": "", "user": 1, "content_type": 11}}, {"pk": 19, "model": "admin.logentry", "fields": {"action_flag": 1, "action_time": "2011-11-29 19:50:27", "object_repr": "Bakery", "object_id": "4", "change_message": "", "user": 1, "content_type": 11}}, {"pk": 18, "model": "admin.logentry", "fields": {"action_flag": 2, "action_time": "2011-11-02 08:01:39", "object_repr": "Lazlo's Brewery & Grill", "object_id": "1", "change_message": "No fields changed.", "user": 1, "content_type": 13}}, {"pk": 17, "model": "admin.logentry", "fields": {"action_flag": 2, "action_time": "2011-11-02 07:26:15", "object_repr": "Vincenzo's Ristorante", "object_id": "3", "change_message": "Changed name.", "user": 1, "content_type": 13}}, {"pk": 16, "model": "admin.logentry", "fields": {"action_flag": 1, "action_time": "2011-11-02 07:25:08", "object_repr": "Vincenzo's Ristirante", "object_id": "3", "change_message": "", "user": 1, "content_type": 13}}, {"pk": 15, "model": "admin.logentry", "fields": {"action_flag": 1, "action_time": "2011-11-02 07:25:05", "object_repr": "Tasty but pricey (good date night)", "object_id": "3", "change_message": "", "user": 1, "content_type": 10}}, {"pk": 14, "model": "admin.logentry", "fields": {"action_flag": 1, "action_time": "2011-11-02 07:23:59", "object_repr": "Italian", "object_id": "3", "change_message": "", "user": 1, "content_type": 12}}, {"pk": 13, "model": "admin.logentry", "fields": {"action_flag": 1, "action_time": "2011-11-02 07:23:40", "object_repr": "808 P St. #100", "object_id": "3", "change_message": "", "user": 1, "content_type": 9}}, {"pk": 12, "model": "admin.logentry", "fields": {"action_flag": 2, "action_time": "2011-11-02 07:21:59", "object_repr": "Lazlo's Brewery & Grill", "object_id": "1", "change_message": "Changed restaurant_type and rating.", "user": 1, "content_type": 13}}, {"pk": 11, "model": "admin.logentry", "fields": {"action_flag": 1, "action_time": "2011-11-02 07:21:46", "object_repr": "El Potrero", "object_id": "2", "change_message": "", "user": 1, "content_type": 13}}, {"pk": 10, "model": "admin.logentry", "fields": {"action_flag": 1, "action_time": "2011-11-02 07:21:44", "object_repr": "Mexican", "object_id": "2", "change_message": "", "user": 1, "content_type": 12}}, {"pk": 9, "model": "admin.logentry", "fields": {"action_flag": 1, "action_time": "2011-11-02 07:21:34", "object_repr": "Dine- in", "object_id": "3", "change_message": "", "user": 1, "content_type": 11}}, {"pk": 8, "model": "admin.logentry", "fields": {"action_flag": 1, "action_time": "2011-11-02 07:21:04", "object_repr": "Mmm :)", "object_id": "2", "change_message": "", "user": 1, "content_type": 10}}, {"pk": 7, "model": "admin.logentry", "fields": {"action_flag": 1, "action_time": "2011-11-02 07:20:17", "object_repr": "Mexican", "object_id": "2", "change_message": "", "user": 1, "content_type": 11}}, {"pk": 6, "model": "admin.logentry", "fields": {"action_flag": 1, "action_time": "2011-11-02 07:20:08", "object_repr": "247 N 8th Street", "object_id": "2", "change_message": "", "user": 1, "content_type": 9}}, {"pk": 5, "model": "admin.logentry", "fields": {"action_flag": 1, "action_time": "2011-11-02 07:16:56", "object_repr": "Lazlo's Brewery & Grill", "object_id": "1", "change_message": "", "user": 1, "content_type": 13}}, {"pk": 4, "model": "admin.logentry", "fields": {"action_flag": 1, "action_time": "2011-11-02 07:16:54", "object_repr": "4.2", "object_id": "1", "change_message": "", "user": 1, "content_type": 10}}, {"pk": 3, "model": "admin.logentry", "fields": {"action_flag": 1, "action_time": "2011-11-02 07:14:16", "object_repr": "American", "object_id": "1", "change_message": "", "user": 1, "content_type": 12}}, {"pk": 2, "model": "admin.logentry", "fields": {"action_flag": 1, "action_time": "2011-11-02 07:13:55", "object_repr": "Brewery & Grill", "object_id": "1", "change_message": "", "user": 1, "content_type": 11}}, {"pk": 1, "model": "admin.logentry", "fields": {"action_flag": 1, "action_time": "2011-11-02 07:12:39", "object_repr": "210 North 7th Street", "object_id": "1", "change_message": "", "user": 1, "content_type": 9}}, {"pk": 1, "model": "restaurants.location", "fields": {"city": "Lincoln", "state": "NE", "zipcode": "68501", "address": "210 North 7th Street"}}, {"pk": 2, "model": "restaurants.location", "fields": {"city": "Lincoln", "state": "NE", "zipcode": "68508", "address": "247 N 8th Street"}}, {"pk": 3, "model": "restaurants.location", "fields": {"city": "Lincoln", "state": "NE", "zipcode": "68508", "address": "808 P St. #100"}}, {"pk": 4, "model": "restaurants.location", "fields": {"city": "Lincoln", "state": "NE", "zipcode": "68508", "address": "5800 S 58th S"}}, {"pk": 5, "model": "restaurants.location", "fields": {"city": "Lincoln", "state": "NE", "zipcode": "68501", "address": "321 N Cotner Blvd"}}, {"pk": 6, "model": "restaurants.location", "fields": {"city": "Lincoln", "state": "NE", "zipcode": "68508", "address": "201 N 7th St"}}, {"pk": 7, "model": "restaurants.location", "fields": {"city": "Lincoln", "state": "NE", "zipcode": "68508", "address": "101 N 14th St"}}, {"pk": 8, "model": "restaurants.location", "fields": {"city": "Lincoln", "state": "NE", "zipcode": "68508", "address": "129 N 10th St"}}, {"pk": 9, "model": "restaurants.location", "fields": {"city": "Lincoln", "state": "NE", "zipcode": "68508", "address": "48th & Van Dorn"}}, {"pk": 10, "model": "restaurants.location", "fields": {"city": "Lincoln", "state": "NE", "zipcode": "68508", "address": "3030 N 40th St"}}, {"pk": 11, "model": "restaurants.location", "fields": {"city": "Lincoln", "state": "NE", "zipcode": "68508", "address": "6150 O St"}}, {"pk": 12, "model": "restaurants.location", "fields": {"city": "Lincoln", "state": "NE", "zipcode": "68508", "address": "1100 O St"}}, {"pk": 13, "model": "restaurants.location", "fields": {"city": "Lincoln", "state": "NE", "zipcode": "68508", "address": "6730 S 27th St"}}, {"pk": 14, "model": "restaurants.location", "fields": {"city": "Lincoln", "state": "NE", "zipcode": "68508", "address": "2700 O St"}}, {"pk": 15, "model": "restaurants.location", "fields": {"city": "Lincoln", "state": "NE", "zipcode": "68508", "address": "2662 Cornhusker Hwy"}}, {"pk": 16, "model": "restaurants.location", "fields": {"city": "Lincoln", "state": "NE", "zipcode": "68508", "address": "2801 Pine Lake Rd"}}, {"pk": 17, "model": "restaurants.location", "fields": {"city": "Lincoln", "state": "NE", "zipcode": "68508", "address": "2918 Pine Lake Rd"}}, {"pk": 18, "model": "restaurants.location", "fields": {"city": "Lincoln", "state": "NE", "zipcode": "68508", "address": "1800 Wilderness Woods Pl"}}, {"pk": 19, "model": "restaurants.location", "fields": {"city": "Lincoln", "state": "NE", "zipcode": "68508", "address": "1451 O St"}}, {"pk": 20, "model": "restaurants.location", "fields": {"city": "Lincoln", "state": "NE", "zipcode": "68508", "address": "Gateway Shopping Ctr"}}, {"pk": 21, "model": "restaurants.location", "fields": {"city": "Lincoln", "state": "NE", "zipcode": "68508", "address": "330 S 10th St"}}, {"pk": 22, "model": "restaurants.location", "fields": {"city": "Lincoln", "state": "NE", "zipcode": "68508", "address": "633 N 48th St"}}, {"pk": 23, "model": "restaurants.location", "fields": {"city": "Lincoln", "state": "NE", "zipcode": "68508", "address": "403 N 48th St"}}, {"pk": 24, "model": "restaurants.location", "fields": {"city": "Lincoln", "state": "NE", "zipcode": "68508", "address": "6235 Havelock Ave"}}, {"pk": 25, "model": "restaurants.location", "fields": {"city": "Lincoln", "state": "NE", "zipcode": "68508", "address": "1409 N. Cotner Blvd."}}, {"pk": 26, "model": "restaurants.location", "fields": {"city": "Lincoln", "state": "NE", "zipcode": "68508", "address": "801 S. 11th St."}}, {"pk": 27, "model": "restaurants.location", "fields": {"city": "Lincoln", "state": "NE", "zipcode": "68508", "address": "138 N. 12th St."}}, {"pk": 28, "model": "restaurants.location", "fields": {"city": "Lincoln", "state": "NE", "zipcode": "68508", "address": "100 N. 1st St. #3"}}, {"pk": 29, "model": "restaurants.location", "fields": {"city": "Lincoln", "state": "NE", "zipcode": "68508", "address": "4640 Bair Ave, #104"}}, {"pk": 30, "model": "restaurants.location", "fields": {"city": "Lincoln", "state": "NE", "zipcode": "68508", "address": "3449 A 48th St. N"}}, {"pk": 31, "model": "restaurants.location", "fields": {"city": "Lincoln", "state": "NE", "zipcode": "68508", "address": "313 N. 27th St."}}, {"pk": 32, "model": "restaurants.location", "fields": {"city": "Lincoln", "state": "NE", "zipcode": "68508", "address": "2630 Orchard St."}}, {"pk": 33, "model": "restaurants.location", "fields": {"city": "Lincoln", "state": "NE", "zipcode": "68508", "address": "1311 O. St."}}, {"pk": 34, "model": "restaurants.location", "fields": {"city": "Lincoln", "state": "NE", "zipcode": "68508", "address": "854 N. 70th"}}, {"pk": 35, "model": "restaurants.location", "fields": {"city": "Lincoln", "state": "NE", "zipcode": "68508", "address": "112 N. 14th St."}}, {"pk": 36, "model": "restaurants.location", "fields": {"city": "Lincoln", "state": "NE", "zipcode": "68508", "address": "5500 S. 56th St."}}, {"pk": 37, "model": "restaurants.location", "fields": {"city": "Lincoln", "state": "NE", "zipcode": "68508", "address": "6800 Wildcat Dr."}}, {"pk": 38, "model": "restaurants.location", "fields": {"city": "Lincoln", "state": "NE", "zipcode": "68508", "address": "114 South 14th St."}}, {"pk": 39, "model": "restaurants.location", "fields": {"city": "Lincoln", "state": "NE", "zipcode": "68508", "address": "3700 South 9th St."}}, {"pk": 40, "model": "restaurants.location", "fields": {"city": "Lincoln", "state": "NE", "zipcode": "68508", "address": "230 N. 17th St."}}, {"pk": 41, "model": "restaurants.location", "fields": {"city": "Lincoln", "state": "NE", "zipcode": "68508", "address": "201 N. 66th St."}}, {"pk": 42, "model": "restaurants.location", "fields": {"city": "Lincoln", "state": "NE", "zipcode": "68508", "address": "1601 Q St. #D"}}, {"pk": 43, "model": "restaurants.location", "fields": {"city": "Lincoln", "state": "NE", "zipcode": "68508", "address": "3530 Village Dr. #100"}}, {"pk": 44, "model": "restaurants.location", "fields": {"city": "Lincoln", "state": "NE", "zipcode": "68508", "address": "5500 Old Cheney Rd. #4"}}, {"pk": 45, "model": "restaurants.location", "fields": {"city": "Lincoln", "state": "NE", "zipcode": "68508", "address": "114 South 14th St."}}, {"pk": 46, "model": "restaurants.location", "fields": {"city": "Lincoln", "state": "NE", "zipcode": "68508", "address": "27th & Superior"}}, {"pk": 47, "model": "restaurants.location", "fields": {"city": "Lincoln", "state": "NE", "zipcode": "68508", "address": "6440 O St. "}}, {"pk": 48, "model": "restaurants.location", "fields": {"city": "Lincoln", "state": "NE", "zipcode": "68508", "address": "621 N. 48th St., Ste 5"}}, {"pk": 49, "model": "restaurants.location", "fields": {"city": "Lincoln", "state": "NE", "zipcode": "68508", "address": "1601 P St"}}, {"pk": 50, "model": "restaurants.location", "fields": {"city": "Lincoln", "state": "NE", "zipcode": "68508", "address": "803 Q St."}}, {"pk": 51, "model": "restaurants.location", "fields": {"city": "Lincoln", "state": "NE", "zipcode": "68508", "address": "3302 O. St."}}, {"pk": 52, "model": "restaurants.location", "fields": {"city": "Lincoln", "state": "NE", "zipcode": "68508", "address": "1324 P St."}}, {"pk": 53, "model": "restaurants.location", "fields": {"city": "Lincoln", "state": "NE", "zipcode": "68508", "address": "1033 O. St. #100"}}, {"pk": 2, "model": "restaurants.rating", "fields": {"rating": "Mmm :)", "rating_agency": "Khiry's tastings"}}, {"pk": 3, "model": "restaurants.rating", "fields": {"rating": "Tasty but pricey (good date night)", "rating_agency": "Khiry's tastings"}}, {"pk": 4, "model": "restaurants.rating", "fields": {"rating": "Can get MESSY", "rating_agency": "Khiry's tastings"}}, {"pk": 5, "model": "restaurants.rating", "fields": {"rating": "off tha chain", "rating_agency": "Khiry's tastings"}}, {"pk": 6, "model": "restaurants.rating", "fields": {"rating": "eh", "rating_agency": "Khiry's tastings"}}, {"pk": 7, "model": "restaurants.rating", "fields": {"rating": "its aight", "rating_agency": "Khiry's tastings"}}, {"pk": 8, "model": "restaurants.rating", "fields": {"rating": "not crazy about", "rating_agency": "Khiry's tastings"}}, {"pk": 9, "model": "restaurants.rating", "fields": {"rating": "no comment", "rating_agency": "Khiry's tastings"}}, {"pk": 10, "model": "restaurants.rating", "fields": {"rating": "for you to decide", "rating_agency": "Khiry's tastings"}}, {"pk": 1, "model": "restaurants.restauranttype", "fields": {"restaurant_type": "Brewery & Grill"}}, {"pk": 2, "model": "restaurants.restauranttype", "fields": {"restaurant_type": "Mexican"}}, {"pk": 3, "model": "restaurants.restauranttype", "fields": {"restaurant_type": "Dine- in"}}, {"pk": 4, "model": "restaurants.restauranttype", "fields": {"restaurant_type": "Bakery"}}, {"pk": 5, "model": "restaurants.restauranttype", "fields": {"restaurant_type": "Bistro"}}, {"pk": 6, "model": "restaurants.restauranttype", "fields": {"restaurant_type": "Cafe"}}, {"pk": 7, "model": "restaurants.restauranttype", "fields": {"restaurant_type": "Catina"}}, {"pk": 8, "model": "restaurants.restauranttype", "fields": {"restaurant_type": "Steakhouse"}}, {"pk": 9, "model": "restaurants.restauranttype", "fields": {"restaurant_type": "BBQ"}}, {"pk": 10, "model": "restaurants.restauranttype", "fields": {"restaurant_type": "Fast Food"}}, {"pk": 11, "model": "restaurants.restauranttype", "fields": {"restaurant_type": "Pizza "}}, {"pk": 1, "model": "restaurants.cuisinetype", "fields": {"cuisine_type": "American"}}, {"pk": 2, "model": "restaurants.cuisinetype", "fields": {"cuisine_type": "Mexican"}}, {"pk": 3, "model": "restaurants.cuisinetype", "fields": {"cuisine_type": "Italian"}}, {"pk": 4, "model": "restaurants.cuisinetype", "fields": {"cuisine_type": "French"}}, {"pk": 5, "model": "restaurants.cuisinetype", "fields": {"cuisine_type": "Chinese"}}, {"pk": 6, "model": "restaurants.cuisinetype", "fields": {"cuisine_type": "Indian"}}, {"pk": 8, "model": "restaurants.cuisinetype", "fields": {"cuisine_type": "Japanese"}}, {"pk": 9, "model": "restaurants.cuisinetype", "fields": {"cuisine_type": "Greek"}}, {"pk": 10, "model": "restaurants.cuisinetype", "fields": {"cuisine_type": "Lebanese"}}, {"pk": 1, "model": "restaurants.restaurants", "fields": {"cuisine_type": [1], "restaurant_type": [3], "rating": [2], "name": "Lazlo's Brewery & Grill", "location": 1}}, {"pk": 2, "model": "restaurants.restaurants", "fields": {"cuisine_type": [2], "restaurant_type": [2, 3], "rating": [2], "name": "El Potrero", "location": 2}}, {"pk": 3, "model": "restaurants.restaurants", "fields": {"cuisine_type": [3], "restaurant_type": [3], "rating": [3], "name": "Vincenzo's Ristorante", "location": 3}}, {"pk": 4, "model": "restaurants.restaurants", "fields": {"cuisine_type": [1], "restaurant_type": [9], "rating": [4], "name": "Skeeter Barnes", "location": 4}}, {"pk": 5, "model": "restaurants.restaurants", "fields": {"cuisine_type": [2], "restaurant_type": [3], "rating": [10], "name": "La Paz", "location": 5}}, {"pk": 6, "model": "restaurants.restaurants", "fields": {"cuisine_type": [4], "restaurant_type": [8], "rating": [3], "name": "JTK", "location": 6}}, {"pk": 7, "model": "restaurants.restaurants", "fields": {"cuisine_type": [1], "restaurant_type": [10], "rating": [2], "name": "Doozy's", "location": 7}}, {"pk": 8, "model": "restaurants.restaurants", "fields": {"cuisine_type": [], "restaurant_type": [3], "rating": [10], "name": "Blue Orchid Thai Restaurant", "location": 8}}, {"pk": 9, "model": "restaurants.restaurants", "fields": {"cuisine_type": [3], "restaurant_type": [11], "rating": [6], "name": "Valentino's Pizza", "location": 9}}, {"pk": 10, "model": "restaurants.restaurants", "fields": {"cuisine_type": [1], "restaurant_type": [1], "rating": [7], "name": "Brewsky's Food & Spirits", "location": 10}}, {"pk": 11, "model": "restaurants.restaurants", "fields": {"cuisine_type": [1], "restaurant_type": [1], "rating": [8], "name": "Granite City Food & Brewery", "location": 11}}, {"pk": 12, "model": "restaurants.restaurants", "fields": {"cuisine_type": [1], "restaurant_type": [3], "rating": [3], "name": "Dish", "location": 12}}, {"pk": 13, "model": "restaurants.restaurants", "fields": {"cuisine_type": [1], "restaurant_type": [3], "rating": [2], "name": "Chili's Grill & Bar", "location": 13}}, {"pk": 14, "model": "restaurants.restaurants", "fields": {"cuisine_type": [2], "restaurant_type": [2], "rating": [10], "name": "\t El Rancho Authentic Mexican Restaurant", "location": 14}}, {"pk": 15, "model": "restaurants.restaurants", "fields": {"cuisine_type": [5], "restaurant_type": [10], "rating": [4], "name": "China Inn", "location": 15}}, {"pk": 16, "model": "restaurants.restaurants", "fields": {"cuisine_type": [6], "restaurant_type": [3], "rating": [9], "name": "The Peacock Indian Cuisine", "location": 16}}, {"pk": 17, "model": "restaurants.restaurants", "fields": {"cuisine_type": [1], "restaurant_type": [3], "rating": [7], "name": "Old Chicago", "location": 17}}, {"pk": 18, "model": "restaurants.restaurants", "fields": {"cuisine_type": [1], "restaurant_type": [8], "rating": [2], "name": "\t Wilderness Ridge-Lodge Restaurant", "location": 18}}, {"pk": 19, "model": "restaurants.restaurants", "fields": {"cuisine_type": [2], "restaurant_type": [10], "rating": [4], "name": "Oso Burritto", "location": 19}}, {"pk": 20, "model": "restaurants.restaurants", "fields": {"cuisine_type": [1], "restaurant_type": [3], "rating": [10], "name": "Applebee's Neighborhood Grill & Bar", "location": 20}}, {"pk": 21, "model": "restaurants.restaurants", "fields": {"cuisine_type": [4], "restaurant_type": [5], "rating": [5], "name": "Green Gateau", "location": 21}}, {"pk": 22, "model": "restaurants.restaurants", "fields": {"cuisine_type": [1], "restaurant_type": [8], "rating": [3], "name": "Ouback Steakhouse", "location": 22}}, {"pk": 23, "model": "restaurants.restaurants", "fields": {"cuisine_type": [1], "restaurant_type": [10], "rating": [2], "name": "Raising Cane's Chicken Fingers", "location": 23}}, {"pk": 24, "model": "restaurants.restaurants", "fields": {"cuisine_type": [1], "restaurant_type": [8], "rating": [3], "name": "Misty's Restaurant & Lounge", "location": 24}}, {"pk": 25, "model": "restaurants.restaurants", "fields": {"cuisine_type": [5], "restaurant_type": [3], "rating": [4], "name": "Ming's House", "location": 25}}, {"pk": 26, "model": "restaurants.restaurants", "fields": {"cuisine_type": [1], "restaurant_type": [4], "rating": [9], "name": "Pan Dulce Bakery", "location": 26}}, {"pk": 27, "model": "restaurants.restaurants", "fields": {"cuisine_type": [1], "restaurant_type": [4], "rating": [2], "name": "Cookie Company", "location": 27}}, {"pk": 28, "model": "restaurants.restaurants", "fields": {"cuisine_type": [1], "restaurant_type": [4], "rating": [10], "name": "Butterfly Bakery", "location": 28}}, {"pk": 29, "model": "restaurants.restaurants", "fields": {"cuisine_type": [1], "restaurant_type": [4], "rating": [6], "name": "Eileen's Colossal Cookies", "location": 29}}, {"pk": 30, "model": "restaurants.restaurants", "fields": {"cuisine_type": [10], "restaurant_type": [8], "rating": [3], "name": "Aladdin's", "location": 30}}, {"pk": 31, "model": "restaurants.restaurants", "fields": {"cuisine_type": [10], "restaurant_type": [3], "rating": [7], "name": "Holyland Cuisine", "location": 31}}, {"pk": 32, "model": "restaurants.restaurants", "fields": {"cuisine_type": [10], "restaurant_type": [3], "rating": [10], "name": "Sinbad's Restaurant", "location": 32}}, {"pk": 33, "model": "restaurants.restaurants", "fields": {"cuisine_type": [10], "restaurant_type": [3], "rating": [10], "name": "Pita Pit the", "location": 33}}, {"pk": 34, "model": "restaurants.restaurants", "fields": {"cuisine_type": [9], "restaurant_type": [3], "rating": [5], "name": "Papilon Grill", "location": 34}}, {"pk": 35, "model": "restaurants.restaurants", "fields": {"cuisine_type": [9], "restaurant_type": [3], "rating": [3], "name": "Ali baba Gyros", "location": 35}}, {"pk": 36, "model": "restaurants.restaurants", "fields": {"cuisine_type": [9], "restaurant_type": [3], "rating": [4], "name": "Parthenon", "location": 36}}, {"pk": 37, "model": "restaurants.restaurants", "fields": {"cuisine_type": [9], "restaurant_type": [3], "rating": [2], "name": "King Kong Restaurant", "location": 37}}, {"pk": 38, "model": "restaurants.restaurants", "fields": {"cuisine_type": [8], "restaurant_type": [10], "rating": [2], "name": "Wasabi", "location": 38}}, {"pk": 39, "model": "restaurants.restaurants", "fields": {"cuisine_type": [8], "restaurant_type": [3], "rating": [3], "name": "Shogun", "location": 39}}, {"pk": 40, "model": "restaurants.restaurants", "fields": {"cuisine_type": [8], "restaurant_type": [10], "rating": [7], "name": "Samurai Sam's Teriyaki Grill", "location": 40}}, {"pk": 41, "model": "restaurants.restaurants", "fields": {"cuisine_type": [8], "restaurant_type": [3], "rating": [8], "name": "HuHot Mongolian Grill", "location": 41}}, {"pk": 42, "model": "restaurants.restaurants", "fields": {"cuisine_type": [6], "restaurant_type": [3], "rating": [6], "name": "Sher E Punjab", "location": 42}}, {"pk": 43, "model": "restaurants.restaurants", "fields": {"cuisine_type": [6], "restaurant_type": [3], "rating": [9], "name": "Tandoor Indian Cuisine", "location": 43}}, {"pk": 44, "model": "restaurants.restaurants", "fields": {"cuisine_type": [6], "restaurant_type": [3], "rating": [10], "name": "Metro Dining Delivery", "location": 44}}, {"pk": 45, "model": "restaurants.restaurants", "fields": {"cuisine_type": [1], "restaurant_type": [11], "rating": [6], "name": "Papa John's ", "location": 45}}, {"pk": 46, "model": "restaurants.restaurants", "fields": {"cuisine_type": [1], "restaurant_type": [11], "rating": [9], "name": "Godfather's Pizza", "location": 46}}, {"pk": 47, "model": "restaurants.restaurants", "fields": {"cuisine_type": [1], "restaurant_type": [9], "rating": [4], "name": "Rib Ranch", "location": 47}}, {"pk": 48, "model": "restaurants.restaurants", "fields": {"cuisine_type": [1], "restaurant_type": [9], "rating": [4], "name": "Smokehouse Deli", "location": 48}}, {"pk": 49, "model": "restaurants.restaurants", "fields": {"cuisine_type": [1], "restaurant_type": [9], "rating": [4], "name": "Southwest pit BBQ", "location": 49}}, {"pk": 50, "model": "restaurants.restaurants", "fields": {"cuisine_type": [2], "restaurant_type": [7], "rating": [2], "name": "Auturo's", "location": 50}}, {"pk": 51, "model": "restaurants.restaurants", "fields": {"cuisine_type": [1], "restaurant_type": [6], "rating": [7], "name": "Starbucks", "location": 51}}, {"pk": 52, "model": "restaurants.restaurants", "fields": {"cuisine_type": [1], "restaurant_type": [6], "rating": [8], "name": "The Coffee House", "location": 52}}, {"pk": 53, "model": "restaurants.restaurants", "fields": {"cuisine_type": [1], "restaurant_type": [6], "rating": [10], "name": "Scooter's Coffeehouse", "location": 53}}, {"pk": 22, "model": "auth.permission", "fields": {"codename": "add_logentry", "name": "Can add log entry", "content_type": 8}}, {"pk": 23, "model": "auth.permission", "fields": {"codename": "change_logentry", "name": "Can change log entry", "content_type": 8}}, {"pk": 24, "model": "auth.permission", "fields": {"codename": "delete_logentry", "name": "Can delete log entry", "content_type": 8}}, {"pk": 4, "model": "auth.permission", "fields": {"codename": "add_group", "name": "Can add group", "content_type": 2}}, {"pk": 5, "model": "auth.permission", "fields": {"codename": "change_group", "name": "Can change group", "content_type": 2}}, {"pk": 6, "model": "auth.permission", "fields": {"codename": "delete_group", "name": "Can delete group", "content_type": 2}}, {"pk": 10, "model": "auth.permission", "fields": {"codename": "add_message", "name": "Can add message", "content_type": 4}}, {"pk": 11, "model": "auth.permission", "fields": {"codename": "change_message", "name": "Can change message", "content_type": 4}}, {"pk": 12, "model": "auth.permission", "fields": {"codename": "delete_message", "name": "Can delete message", "content_type": 4}}, {"pk": 1, "model": "auth.permission", "fields": {"codename": "add_permission", "name": "Can add permission", "content_type": 1}}, {"pk": 2, "model": "auth.permission", "fields": {"codename": "change_permission", "name": "Can change permission", "content_type": 1}}, {"pk": 3, "model": "auth.permission", "fields": {"codename": "delete_permission", "name": "Can delete permission", "content_type": 1}}, {"pk": 7, "model": "auth.permission", "fields": {"codename": "add_user", "name": "Can add user", "content_type": 3}}, {"pk": 8, "model": "auth.permission", "fields": {"codename": "change_user", "name": "Can change user", "content_type": 3}}, {"pk": 9, "model": "auth.permission", "fields": {"codename": "delete_user", "name": "Can delete user", "content_type": 3}}, {"pk": 13, "model": "auth.permission", "fields": {"codename": "add_contenttype", "name": "Can add content type", "content_type": 5}}, {"pk": 14, "model": "auth.permission", "fields": {"codename": "change_contenttype", "name": "Can change content type", "content_type": 5}}, {"pk": 15, "model": "auth.permission", "fields": {"codename": "delete_contenttype", "name": "Can delete content type", "content_type": 5}}, {"pk": 34, "model": "auth.permission", "fields": {"codename": "add_cuisinetype", "name": "Can add cuisine type", "content_type": 12}}, {"pk": 35, "model": "auth.permission", "fields": {"codename": "change_cuisinetype", "name": "Can change cuisine type", "content_type": 12}}, {"pk": 36, "model": "auth.permission", "fields": {"codename": "delete_cuisinetype", "name": "Can delete cuisine type", "content_type": 12}}, {"pk": 25, "model": "auth.permission", "fields": {"codename": "add_location", "name": "Can add location", "content_type": 9}}, {"pk": 26, "model": "auth.permission", "fields": {"codename": "change_location", "name": "Can change location", "content_type": 9}}, {"pk": 27, "model": "auth.permission", "fields": {"codename": "delete_location", "name": "Can delete location", "content_type": 9}}, {"pk": 28, "model": "auth.permission", "fields": {"codename": "add_rating", "name": "Can add rating", "content_type": 10}}, {"pk": 29, "model": "auth.permission", "fields": {"codename": "change_rating", "name": "Can change rating", "content_type": 10}}, {"pk": 30, "model": "auth.permission", "fields": {"codename": "delete_rating", "name": "Can delete rating", "content_type": 10}}, {"pk": 37, "model": "auth.permission", "fields": {"codename": "add_restaurants", "name": "Can add restaurants", "content_type": 13}}, {"pk": 38, "model": "auth.permission", "fields": {"codename": "change_restaurants", "name": "Can change restaurants", "content_type": 13}}, {"pk": 39, "model": "auth.permission", "fields": {"codename": "delete_restaurants", "name": "Can delete restaurants", "content_type": 13}}, {"pk": 31, "model": "auth.permission", "fields": {"codename": "add_restauranttype", "name": "Can add restaurant type", "content_type": 11}}, {"pk": 32, "model": "auth.permission", "fields": {"codename": "change_restauranttype", "name": "Can change restaurant type", "content_type": 11}}, {"pk": 33, "model": "auth.permission", "fields": {"codename": "delete_restauranttype", "name": "Can delete restaurant type", "content_type": 11}}, {"pk": 16, "model": "auth.permission", "fields": {"codename": "add_session", "name": "Can add session", "content_type": 6}}, {"pk": 17, "model": "auth.permission", "fields": {"codename": "change_session", "name": "Can change session", "content_type": 6}}, {"pk": 18, "model": "auth.permission", "fields": {"codename": "delete_session", "name": "Can delete session", "content_type": 6}}, {"pk": 19, "model": "auth.permission", "fields": {"codename": "add_site", "name": "Can add site", "content_type": 7}}, {"pk": 20, "model": "auth.permission", "fields": {"codename": "change_site", "name": "Can change site", "content_type": 7}}, {"pk": 21, "model": "auth.permission", "fields": {"codename": "delete_site", "name": "Can delete site", "content_type": 7}}, {"pk": 1, "model": "auth.user", "fields": {"username": "khiry", "first_name": "", "last_name": "", "is_active": true, "is_superuser": true, "is_staff": true, "last_login": "2011-11-22 13:17:50", "groups": [], "user_permissions": [], "password": "sha1$b0692$19794d71a436d2b28de16a9690a50b3534907e80", "email": "tcboy24@aol.com", "date_joined": "2011-10-25 20:26:27"}}]